squad,lake,id_historia,numero,papel,recurso,data_inicio_fmt,data_fim_fmt,duracao_dias_uteis,dias_uteis_no_intervalo,status_validacao
Squad 1,BMC,[BMC - 1],1,Dev Fullstack,Dev 1,09/03/2026,06/04/2026,21,21,OK_INTERVALO
Squad 1,COMPRAS,[COMPRAS - 1],1,Dev Fullstack,Dev 2,09/03/2026,20/03/2026,10,10,OK_INTERVALO
Squad 1,COMPRAS,[COMPRAS - 2],2,Dev Fullstack,Dev 3,09/03/2026,20/03/2026,10,10,OK_INTERVALO
Squad 1,COMPRAS,[COMPRAS - 3],3,Dev Fullstack,Dev 4,09/03/2026,20/03/2026,10,10,OK_INTERVALO
Squad 1,COMPRAS,[COMPRAS - 4],4,Dev Fullstack,Dev 5,09/03/2026,20/03/2026,10,10,OK_INTERVALO
Squad 1,COMPRAS,[COMPRAS - 5],5,Dev Fullstack,Dev 6,09/03/2026,20/03/2026,10,10,OK_INTERVALO
Squad 1,COMPRAS,[COMPRAS - 6],6,Dev Fullstack,Dev 7,09/03/2026,16/03/2026,6,6,OK_INTERVALO
Squad 1,COMPRAS,[COMPRAS - 7],7,Dev Fullstack,Dev 8,09/03/2026,20/03/2026,10,10,OK_INTERVALO
Squad 1,COMPRAS,[COMPRAS - 8],8,Dev Fullstack,Dev 9,09/03/2026,20/03/2026,10,10,OK_INTERVALO
Squad 1,COMPRAS,[COMPRAS - 9],9,Dev Fullstack,Dev 10,09/03/2026,17/03/2026,7,7,OK_INTERVALO
Squad 1,COMPRAS,[COMPRAS - 10],10,Dev Fullstack,Dev 7,17/03/2026,18/03/2026,2,2,OK_INTERVALO
Squad 1,COMPRAS,[COMPRAS - 11],11,Dev Fullstack,Dev 10,18/03/2026,25/03/2026,6,6,OK_INTERVALO
Squad 1,COMPRAS,[COMPRAS - 12],12,Dev Fullstack,Dev 7,19/03/2026,20/03/2026,2,2,OK_INTERVALO
Squad 1,COMPRAS,[COMPRAS - 13],13,Dev Fullstack,Dev 2,23/03/2026,01/04/2026,8,8,OK_INTERVALO
Squad 2,MOPAR,[MOPAR - 1],1,Dev Fullstack,Dev 1,23/03/2026,03/04/2026,10,10,OK_INTERVALO
Squad 2,MOPAR,[MOPAR - 2],2,Dev Fullstack,Dev 2,01/04/2026,13/04/2026,9,9,OK_INTERVALO
Squad 2,MOPAR,[MOPAR - 3],3,Dev Fullstack,Dev 3,01/04/2026,08/04/2026,6,6,OK_INTERVALO
Squad 2,MOPAR,[MOPAR - 4],4,Dev Fullstack,Dev 4,01/04/2026,14/04/2026,10,10,OK_INTERVALO
Squad 2,MOPAR,[MOPAR - 5],5,Dev Fullstack,Dev 5,01/04/2026,09/04/2026,7,7,OK_INTERVALO
Squad 2,MOPAR,[MOPAR - 6],6,Dev Fullstack,Dev 6,01/04/2026,14/04/2026,10,10,OK_INTERVALO
Squad 2,MOPAR,[MOPAR - 7],7,Dev Fullstack,Dev 7,01/04/2026,10/04/2026,8,8,OK_INTERVALO
Squad 2,MOPAR,[MOPAR - 8],8,Dev Fullstack,Dev 8,01/04/2026,13/04/2026,9,9,OK_INTERVALO
Squad 2,MOPAR,[MOPAR - 9],9,Dev Fullstack,Dev 9,01/04/2026,13/04/2026,9,9,OK_INTERVALO
Squad 2,MOPAR,[MOPAR - 10],10,Dev Fullstack,Dev 10,01/04/2026,08/04/2026,6,6,OK_INTERVALO
Squad 2,MOPAR,[MOPAR - 11],11,Dev Fullstack,Dev 1,06/04/2026,13/04/2026,6,6,OK_INTERVALO
Squad 2,MOPAR,[MOPAR - 12],12,Dev Fullstack,Dev 3,09/04/2026,16/04/2026,6,6,OK_INTERVALO
Squad 2,MOPAR,[MOPAR - 13],13,Dev Fullstack,Dev 10,09/04/2026,16/04/2026,6,6,OK_INTERVALO
Squad 2,MOPAR,[MOPAR - 14],14,Dev Fullstack,Dev 5,10/04/2026,23/04/2026,10,10,OK_INTERVALO
Squad 2,MOPAR,[MOPAR - 15],15,Dev Fullstack,Dev 7,13/04/2026,24/04/2026,10,10,OK_INTERVALO
Squad 2,MOPAR,[MOPAR - 16],16,Dev Fullstack,Dev 1,14/04/2026,23/04/2026,8,8,OK_INTERVALO
Squad 2,MOPAR,[MOPAR - 17],17,Dev Fullstack,Dev 2,14/04/2026,17/04/2026,4,4,OK_INTERVALO
Squad 2,MOPAR,[MOPAR - 18],18,Dev Fullstack,Dev 8,14/04/2026,15/04/2026,2,2,OK_INTERVALO
Squad 2,MOPAR,[MOPAR - 19],19,Dev Fullstack,Dev 9,14/04/2026,23/04/2026,8,8,OK_INTERVALO
Squad 2,MOPAR,[MOPAR - 20],20,Dev Fullstack,Dev 4,15/04/2026,22/04/2026,6,6,OK_INTERVALO
Squad 2,MOPAR,[MOPAR - 21],21,Dev Fullstack,Dev 6,15/04/2026,16/04/2026,2,2,OK_INTERVALO
Squad 2,MOPAR,[MOPAR - 22],22,Dev Fullstack,Dev 8,16/04/2026,29/04/2026,10,10,OK_INTERVALO
Squad 2,MOPAR,[MOPAR - 23],23,Dev Fullstack,Dev 3,17/04/2026,27/04/2026,7,7,OK_INTERVALO
Squad 2,MOPAR,[MOPAR - 24],24,Dev Fullstack,Dev 6,17/04/2026,20/04/2026,2,2,OK_INTERVALO
Squad 2,MOPAR,[MOPAR - 25],25,Dev Fullstack,Dev 10,17/04/2026,20/04/2026,2,2,OK_INTERVALO
Squad 2,MOPAR,[MOPAR - 26],26,Dev Fullstack,Dev 2,20/04/2026,29/04/2026,8,8,OK_INTERVALO
Squad 2,MOPAR,[MOPAR - 27],27,Dev Fullstack,Dev 6,21/04/2026,24/04/2026,4,4,OK_INTERVALO
Squad 2,MOPAR,[MOPAR - 28],28,Dev Fullstack,Dev 10,21/04/2026,22/04/2026,2,2,OK_INTERVALO
Squad 2,MOPAR,[MOPAR - 29],29,Dev Fullstack,Dev 4,23/04/2026,30/04/2026,6,6,OK_INTERVALO
Squad 2,MOPAR,[MOPAR - 30],30,Dev Fullstack,Dev 10,23/04/2026,24/04/2026,2,2,OK_INTERVALO
Squad 2,MOPAR,[MOPAR - 31],31,Dev Fullstack,Dev 1,24/04/2026,29/04/2026,4,4,OK_INTERVALO
Squad 2,MOPAR,[MOPAR - 32],32,Dev Fullstack,Dev 5,24/04/2026,07/05/2026,10,10,OK_INTERVALO
Squad 2,MOPAR,[MOPAR - 33],33,Dev Fullstack,Dev 9,24/04/2026,07/05/2026,10,10,OK_INTERVALO
Squad 2,MOPAR,[MOPAR - 34],34,Dev Fullstack,Dev 6,27/04/2026,08/05/2026,10,10,OK_INTERVALO
Squad 2,MOPAR,[MOPAR - 35],35,Dev Fullstack,Dev 7,27/04/2026,06/05/2026,8,8,OK_INTERVALO
Squad 2,MOPAR,[MOPAR - 36],36,Dev Fullstack,Dev 10,27/04/2026,06/05/2026,8,8,OK_INTERVALO
Squad 2,MOPAR,[MOPAR - 37],37,Dev Fullstack,Dev 3,28/04/2026,08/05/2026,9,9,OK_INTERVALO
Squad 2,MOPAR,[MOPAR - 39],39,Dev Fullstack,Dev 1,30/04/2026,07/05/2026,6,6,OK_INTERVALO
Squad 2,MOPAR,[MOPAR - 39],39,Dev Fullstack,Dev 2,30/04/2026,04/05/2026,3,3,OK_INTERVALO
Squad 3,CLIENTE,[CLIENTE - 1],1,Dev Fullstack,Dev 1,23/03/2026,03/04/2026,10,10,OK_INTERVALO
Squad 3,CLIENTE,[CLIENTE - 2],2,Dev Fullstack,Dev 2,01/04/2026,10/04/2026,8,8,OK_INTERVALO
Squad 3,CLIENTE,[CLIENTE - 3],3,Dev Fullstack,Dev 3,01/04/2026,14/04/2026,10,10,OK_INTERVALO
Squad 3,CLIENTE,[CLIENTE - 4],4,Dev Fullstack,Dev 4,01/04/2026,14/04/2026,10,10,OK_INTERVALO
Squad 3,CLIENTE,[CLIENTE - 5],5,Dev Fullstack,Dev 5,01/04/2026,13/04/2026,9,9,OK_INTERVALO
Squad 3,CLIENTE,[CLIENTE - 6],6,Dev Fullstack,Dev 6,01/04/2026,09/04/2026,7,7,OK_INTERVALO
Squad 3,CLIENTE,[CLIENTE - 7],7,Dev Fullstack,Dev 7,01/04/2026,08/04/2026,6,6,OK_INTERVALO
Squad 3,CLIENTE,[CLIENTE - 8],8,Dev Fullstack,Dev 8,01/04/2026,14/04/2026,10,10,OK_INTERVALO
Squad 3,CLIENTE,[CLIENTE - 9],9,Dev Fullstack,Dev 9,01/04/2026,09/04/2026,7,7,OK_INTERVALO
Squad 3,CLIENTE,[CLIENTE - 10],10,Dev Fullstack,Dev 10,01/04/2026,14/04/2026,10,10,OK_INTERVALO
Squad 3,CLIENTE,[CLIENTE - 11],11,Dev Fullstack,Dev 1,06/04/2026,08/04/2026,3,3,OK_INTERVALO
Squad 3,CLIENTE,[CLIENTE - 12],12,Dev Fullstack,Dev 1,09/04/2026,16/04/2026,6,6,OK_INTERVALO
Squad 3,CLIENTE,[CLIENTE - 13],13,Dev Fullstack,Dev 7,09/04/2026,22/04/2026,10,10,OK_INTERVALO
Squad 3,CLIENTE,[CLIENTE - 14],14,Dev Fullstack,Dev 6,10/04/2026,20/04/2026,7,7,OK_INTERVALO
Squad 3,CLIENTE,[CLIENTE - 15],15,Dev Fullstack,Dev 9,10/04/2026,17/04/2026,6,6,OK_INTERVALO
Squad 3,CLIENTE,[CLIENTE - 16],16,Dev Fullstack,Dev 2,13/04/2026,24/04/2026,10,10,OK_INTERVALO
Squad 3,CLIENTE,[CLIENTE - 17],17,Dev Fullstack,Dev 5,14/04/2026,27/04/2026,10,10,OK_INTERVALO
Squad 3,CLIENTE,[CLIENTE - 18],18,Dev Fullstack,Dev 3,15/04/2026,28/04/2026,10,10,OK_INTERVALO
Squad 3,CLIENTE,[CLIENTE - 19],19,Dev Fullstack,Dev 4,15/04/2026,28/04/2026,10,10,OK_INTERVALO
Squad 3,CLIENTE,[CLIENTE - 20],20,Dev Fullstack,Dev 8,15/04/2026,20/04/2026,4,4,OK_INTERVALO
Squad 3,CLIENTE,[CLIENTE - 21],21,Dev Fullstack,Dev 10,15/04/2026,23/04/2026,7,7,OK_INTERVALO
Squad 3,CLIENTE,[CLIENTE - 22],22,Dev Fullstack,Dev 1,17/04/2026,29/04/2026,9,9,OK_INTERVALO
Squad 3,CLIENTE,[CLIENTE - 23],23,Dev Fullstack,Dev 9,20/04/2026,29/04/2026,8,8,OK_INTERVALO
Squad 3,CLIENTE,[CLIENTE - 24],24,Dev Fullstack,Dev 6,21/04/2026,01/05/2026,9,9,OK_INTERVALO
Squad 3,CLIENTE,[CLIENTE - 25],25,Dev Fullstack,Dev 8,21/04/2026,04/05/2026,10,10,OK_INTERVALO
Squad 3,CLIENTE,[CLIENTE - 26],26,Dev Fullstack,Dev 7,23/04/2026,06/05/2026,10,10,OK_INTERVALO
Squad 3,CLIENTE,[CLIENTE - 27],27,Dev Fullstack,Dev 10,24/04/2026,07/05/2026,10,10,OK_INTERVALO
Squad 3,CLIENTE,[CLIENTE - 28],28,Dev Fullstack,Dev 2,27/04/2026,07/05/2026,9,9,OK_INTERVALO
Squad 3,CLIENTE,[CLIENTE - 29],29,Dev Fullstack,Dev 5,28/04/2026,05/05/2026,6,6,OK_INTERVALO
Squad 3,CLIENTE,[CLIENTE - 30],30,Dev Fullstack,Dev 3,29/04/2026,12/05/2026,10,10,OK_INTERVALO
Squad 3,CLIENTE,[CLIENTE - 31],31,Dev Fullstack,Dev 4,29/04/2026,06/05/2026,6,6,OK_INTERVALO
Squad 3,CLIENTE,[CLIENTE - 32],32,Dev Fullstack,Dev 1,30/04/2026,08/05/2026,7,7,OK_INTERVALO
Squad 3,CLIENTE,[CLIENTE - 33],33,Dev Fullstack,Dev 9,30/04/2026,08/05/2026,7,7,OK_INTERVALO
Squad 3,CLIENTE,[CLIENTE - 34],34,Dev Fullstack,Dev 6,04/05/2026,15/05/2026,10,10,OK_INTERVALO
Squad 3,CLIENTE,[CLIENTE - 35],35,Dev Fullstack,Dev 8,05/05/2026,06/05/2026,2,2,OK_INTERVALO
Squad 3,CLIENTE,[CLIENTE - 36],36,Dev Fullstack,Dev 5,06/05/2026,19/05/2026,10,10,OK_INTERVALO
Squad 3,CLIENTE,[CLIENTE - 37],37,Dev Fullstack,Dev 4,07/05/2026,15/05/2026,7,7,OK_INTERVALO
Squad 3,CLIENTE,[CLIENTE - 38],38,Dev Fullstack,Dev 7,07/05/2026,08/05/2026,2,2,OK_INTERVALO
Squad 3,CLIENTE,[CLIENTE - 39],39,Dev Fullstack,Dev 8,07/05/2026,12/05/2026,4,4,OK_INTERVALO
Squad 3,CLIENTE,[CLIENTE - 40],40,Dev Fullstack,Dev 2,08/05/2026,08/05/2026,1,1,OK_INTERVALO
Squad 3,CLIENTE,[CLIENTE - 41],41,Dev Fullstack,Dev 10,08/05/2026,12/05/2026,3,3,OK_INTERVALO
Squad 3,CLIENTE,[CLIENTE - 42],42,Dev Fullstack,Dev 1,11/05/2026,11/05/2026,1,1,OK_INTERVALO
Squad 4,SHARED SERVICES A,[SHARED SERVICES - 1],1,Dev Fullstack,Dev 1,23/03/2026,03/04/2026,10,10,OK_INTERVALO
Squad 4,SHARED SERVICES A,[SHARED SERVICES - 2],2,Dev Fullstack,Dev 2,01/04/2026,02/04/2026,2,2,OK_INTERVALO
Squad 4,SHARED SERVICES A,[SHARED SERVICES - 3],3,Dev Fullstack,Dev 3,01/04/2026,10/04/2026,8,8,OK_INTERVALO
Squad 4,SHARED SERVICES A,[SHARED SERVICES - 4],4,Dev Fullstack,Dev 4,01/04/2026,09/04/2026,7,7,OK_INTERVALO
Squad 4,SHARED SERVICES A,[SHARED SERVICES - 5],5,Dev Fullstack,Dev 5,01/04/2026,13/04/2026,9,9,OK_INTERVALO
Squad 4,SHARED SERVICES A,[SHARED SERVICES - 6],6,Dev Fullstack,Dev 6,01/04/2026,10/04/2026,8,8,OK_INTERVALO
Squad 4,SHARED SERVICES A,[SHARED SERVICES - 7],7,Dev Fullstack,Dev 7,01/04/2026,13/04/2026,9,9,OK_INTERVALO
Squad 4,SHARED SERVICES A,[SHARED SERVICES - 8],8,Dev Fullstack,Dev 8,01/04/2026,06/04/2026,4,4,OK_INTERVALO
Squad 4,SHARED SERVICES A,[SHARED SERVICES - 9],9,Dev Fullstack,Dev 9,01/04/2026,07/04/2026,5,5,OK_INTERVALO
Squad 4,SHARED SERVICES A,[SHARED SERVICES - 10],10,Dev Fullstack,Dev 10,01/04/2026,14/04/2026,10,10,OK_INTERVALO
Squad 4,SHARED SERVICES A,[SHARED SERVICES - 11],11,Dev Fullstack,Dev 2,03/04/2026,08/04/2026,4,4,OK_INTERVALO
Squad 4,SHARED SERVICES A,[SHARED SERVICES - 12],12,Dev Fullstack,Dev 1,06/04/2026,13/04/2026,6,6,OK_INTERVALO
Squad 4,SHARED SERVICES A,[SHARED SERVICES - 13],13,Dev Fullstack,Dev 8,07/04/2026,16/04/2026,8,8,OK_INTERVALO
Squad 4,SHARED SERVICES A,[SHARED SERVICES - 14],14,Dev Fullstack,Dev 9,08/04/2026,10/04/2026,3,3,OK_INTERVALO
Squad 4,SHARED SERVICES A,[SHARED SERVICES - 15],15,Dev Fullstack,Dev 2,09/04/2026,21/04/2026,9,9,OK_INTERVALO
Squad 4,SHARED SERVICES A,[SHARED SERVICES - 16],16,Dev Fullstack,Dev 4,10/04/2026,23/04/2026,10,10,OK_INTERVALO
Squad 4,SHARED SERVICES A,[SHARED SERVICES - 17],17,Dev Fullstack,Dev 3,13/04/2026,24/04/2026,10,10,OK_INTERVALO
Squad 4,SHARED SERVICES A,[SHARED SERVICES - 18],18,Dev Fullstack,Dev 6,13/04/2026,24/04/2026,10,10,OK_INTERVALO
Squad 4,SHARED SERVICES A,[SHARED SERVICES - 19],19,Dev Fullstack,Dev 9,13/04/2026,21/04/2026,7,7,OK_INTERVALO
Squad 4,SHARED SERVICES A,[SHARED SERVICES - 20],20,Dev Fullstack,Dev 1,14/04/2026,17/04/2026,4,4,OK_INTERVALO
Squad 4,SHARED SERVICES A,[SHARED SERVICES - 21],21,Dev Fullstack,Dev 5,14/04/2026,21/04/2026,6,6,OK_INTERVALO
Squad 4,SHARED SERVICES A,[SHARED SERVICES - 22],22,Dev Fullstack,Dev 7,14/04/2026,17/04/2026,4,4,OK_INTERVALO
Squad 4,SHARED SERVICES A,[SHARED SERVICES - 23],23,Dev Fullstack,Dev 10,15/04/2026,17/04/2026,3,3,OK_INTERVALO
Squad 4,SHARED SERVICES A,[SHARED SERVICES - 24],24,Dev Fullstack,Dev 8,17/04/2026,24/04/2026,6,6,OK_INTERVALO
Squad 4,SHARED SERVICES A,[SHARED SERVICES - 25],25,Dev Fullstack,Dev 1,20/04/2026,23/04/2026,4,4,OK_INTERVALO
Squad 4,SHARED SERVICES A,[SHARED SERVICES - 26],26,Dev Fullstack,Dev 7,20/04/2026,22/04/2026,3,3,OK_INTERVALO
Squad 4,SHARED SERVICES A,[SHARED SERVICES - 27],27,Dev Fullstack,Dev 10,20/04/2026,22/04/2026,3,3,OK_INTERVALO
Squad 4,SHARED SERVICES A,[SHARED SERVICES - 28],28,Dev Fullstack,Dev 2,22/04/2026,22/04/2026,1,1,OK_INTERVALO
Squad 4,SHARED SERVICES A,[SHARED SERVICES - 29],29,Dev Fullstack,Dev 5,22/04/2026,30/04/2026,7,7,OK_INTERVALO
Squad 4,SHARED SERVICES A,[SHARED SERVICES - 30],30,Dev Fullstack,Dev 9,22/04/2026,29/04/2026,6,6,OK_INTERVALO
Squad 4,SHARED SERVICES A,[SHARED SERVICES - 31],31,Dev Fullstack,Dev 2,23/04/2026,28/04/2026,4,4,OK_INTERVALO
Squad 4,SHARED SERVICES A,[SHARED SERVICES - 32],32,Dev Fullstack,Dev 7,23/04/2026,05/05/2026,9,9,OK_INTERVALO
Squad 4,SHARED SERVICES A,[SHARED SERVICES - 33],33,Dev Fullstack,Dev 10,23/04/2026,27/04/2026,3,3,OK_INTERVALO
Squad 4,SHARED SERVICES A,[SHARED SERVICES - 34],34,Dev Fullstack,Dev 1,24/04/2026,01/05/2026,6,6,OK_INTERVALO
Squad 4,SHARED SERVICES A,[SHARED SERVICES - 35],35,Dev Fullstack,Dev 4,24/04/2026,28/04/2026,3,3,OK_INTERVALO
Squad 4,SHARED SERVICES A,[SHARED SERVICES - 36],36,Dev Fullstack,Dev 3,27/04/2026,04/05/2026,6,6,OK_INTERVALO
Squad 4,SHARED SERVICES A,[SHARED SERVICES - 37],37,Dev Fullstack,Dev 6,27/04/2026,05/05/2026,7,7,OK_INTERVALO
Squad 4,SHARED SERVICES A,[SHARED SERVICES - 38],38,Dev Fullstack,Dev 8,27/04/2026,06/05/2026,8,8,OK_INTERVALO
Squad 4,SHARED SERVICES A,[SHARED SERVICES - 39],39,Dev Fullstack,Dev 10,28/04/2026,11/05/2026,10,10,OK_INTERVALO
Squad 4,SHARED SERVICES A,[SHARED SERVICES - 40],40,Dev Fullstack,Dev 2,29/04/2026,06/05/2026,6,6,OK_INTERVALO
Squad 4,SHARED SERVICES A,[SHARED SERVICES - 41],41,Dev Fullstack,Dev 4,29/04/2026,30/04/2026,2,2,OK_INTERVALO
Squad 4,SHARED SERVICES A,[SHARED SERVICES - 42],42,Dev Fullstack,Dev 9,30/04/2026,13/05/2026,10,10,OK_INTERVALO
Squad 4,SHARED SERVICES A,[SHARED SERVICES - 43],43,Dev Fullstack,Dev 4,01/05/2026,12/05/2026,8,8,OK_INTERVALO
Squad 4,SHARED SERVICES A,[SHARED SERVICES - 44],44,Dev Fullstack,Dev 5,01/05/2026,05/05/2026,3,3,OK_INTERVALO
Squad 4,SHARED SERVICES A,[SHARED SERVICES - 45],45,Dev Fullstack,Dev 1,04/05/2026,07/05/2026,4,4,OK_INTERVALO
Squad 4,SHARED SERVICES A,[SHARED SERVICES - 46],46,Dev Fullstack,Dev 3,05/05/2026,06/05/2026,2,2,OK_INTERVALO
Squad 4,SHARED SERVICES A,[SHARED SERVICES - 47],47,Dev Fullstack,Dev 5,06/05/2026,08/05/2026,3,3,OK_INTERVALO
Squad 4,SHARED SERVICES A,[SHARED SERVICES - 48],48,Dev Fullstack,Dev 6,06/05/2026,06/05/2026,1,1,OK_INTERVALO
Squad 4,SHARED SERVICES A,[SHARED SERVICES - 49],49,Dev Fullstack,Dev 7,06/05/2026,06/05/2026,1,1,OK_INTERVALO
Squad 4,SHARED SERVICES A,[SHARED SERVICES - 50],50,Dev Fullstack,Dev 2,07/05/2026,18/05/2026,8,8,OK_INTERVALO
Squad 4,SHARED SERVICES A,[SHARED SERVICES - 51],51,Dev Fullstack,Dev 3,07/05/2026,12/05/2026,4,4,OK_INTERVALO
Squad 4,SHARED SERVICES A,[SHARED SERVICES - 52],52,Dev Fullstack,Dev 6,07/05/2026,11/05/2026,3,3,OK_INTERVALO
Squad 4,SHARED SERVICES A,[SHARED SERVICES - 53],53,Dev Fullstack,Dev 7,07/05/2026,18/05/2026,8,8,OK_INTERVALO
Squad 4,SHARED SERVICES A,[SHARED SERVICES - 54],54,Dev Fullstack,Dev 8,07/05/2026,19/05/2026,9,9,OK_INTERVALO
Squad 4,SHARED SERVICES A,[SHARED SERVICES - 55],55,Dev Fullstack,Dev 1,08/05/2026,14/05/2026,5,5,OK_INTERVALO
Squad 4,SHARED SERVICES A,[SHARED SERVICES - 56],56,Dev Fullstack,Dev 5,11/05/2026,21/05/2026,9,9,OK_INTERVALO
Squad 4,SHARED SERVICES A,[SHARED SERVICES - 57],57,Dev Fullstack,Dev 6,12/05/2026,19/05/2026,6,6,OK_INTERVALO
Squad 4,SHARED SERVICES A,[SHARED SERVICES - 58],58,Dev Fullstack,Dev 10,12/05/2026,19/05/2026,6,6,OK_INTERVALO
Squad 4,SHARED SERVICES A,[SHARED SERVICES - 59],59,Dev Fullstack,Dev 3,13/05/2026,19/05/2026,5,5,OK_INTERVALO
Squad 4,SHARED SERVICES A,[SHARED SERVICES - 60],60,Dev Fullstack,Dev 4,13/05/2026,21/05/2026,7,7,OK_INTERVALO
Squad 4,SHARED SERVICES A,[SHARED SERVICES - 61],61,Dev Fullstack,Dev 9,14/05/2026,22/05/2026,7,7,OK_INTERVALO
Squad 4,SHARED SERVICES A,[SHARED SERVICES - 62],62,Dev Fullstack,Dev 1,15/05/2026,25/05/2026,7,7,OK_INTERVALO
Squad 4,SHARED SERVICES A,[SHARED SERVICES - 63],63,Dev Fullstack,Dev 2,19/05/2026,21/05/2026,3,3,OK_INTERVALO
Squad 4,SHARED SERVICES A,[SHARED SERVICES - 64],64,Dev Fullstack,Dev 7,19/05/2026,28/05/2026,8,8,OK_INTERVALO
Squad 1,SHARED SERVICES B,[SHARED SERVICES - 65],65,Dev Fullstack,Dev 3,23/03/2026,25/03/2026,3,3,OK_INTERVALO
Squad 1,SHARED SERVICES B,[SHARED SERVICES - 66],66,Dev Fullstack,Dev 4,23/03/2026,23/03/2026,1,1,OK_INTERVALO
Squad 1,SHARED SERVICES B,[SHARED SERVICES - 67],67,Dev Fullstack,Dev 5,23/03/2026,25/03/2026,3,3,OK_INTERVALO
Squad 1,SHARED SERVICES B,[SHARED SERVICES - 68],68,Dev Fullstack,Dev 6,23/03/2026,25/03/2026,3,3,OK_INTERVALO
Squad 1,SHARED SERVICES B,[SHARED SERVICES - 69],69,Dev Fullstack,Dev 7,23/03/2026,03/04/2026,10,10,OK_INTERVALO
Squad 1,SHARED SERVICES B,[SHARED SERVICES - 70],70,Dev Fullstack,Dev 8,23/03/2026,03/04/2026,10,10,OK_INTERVALO
Squad 1,SHARED SERVICES B,[SHARED SERVICES - 71],71,Dev Fullstack,Dev 9,23/03/2026,02/04/2026,9,9,OK_INTERVALO
Squad 1,SHARED SERVICES B,[SHARED SERVICES - 72],72,Dev Fullstack,Dev 4,24/03/2026,26/03/2026,3,3,OK_INTERVALO
Squad 1,SHARED SERVICES B,[SHARED SERVICES - 73],73,Dev Fullstack,Dev 3,26/03/2026,27/03/2026,2,2,OK_INTERVALO
Squad 1,SHARED SERVICES B,[SHARED SERVICES - 74],74,Dev Fullstack,Dev 5,26/03/2026,08/04/2026,10,10,OK_INTERVALO
Squad 1,SHARED SERVICES B,[SHARED SERVICES - 75],75,Dev Fullstack,Dev 6,26/03/2026,31/03/2026,4,4,OK_INTERVALO
Squad 1,SHARED SERVICES B,[SHARED SERVICES - 76],76,Dev Fullstack,Dev 10,26/03/2026,01/04/2026,5,5,OK_INTERVALO
Squad 1,SHARED SERVICES B,[SHARED SERVICES - 77],77,Dev Fullstack,Dev 4,27/03/2026,01/04/2026,4,4,OK_INTERVALO
Squad 1,SHARED SERVICES B,[SHARED SERVICES - 78],78,Dev Fullstack,Dev 3,30/03/2026,31/03/2026,2,2,OK_INTERVALO
Squad 1,SHARED SERVICES B,[SHARED SERVICES - 79],79,Dev Fullstack,Dev 3,01/04/2026,08/04/2026,6,6,OK_INTERVALO
Squad 1,SHARED SERVICES B,[SHARED SERVICES - 80],80,Dev Fullstack,Dev 6,01/04/2026,10/04/2026,8,8,OK_INTERVALO
Squad 1,SHARED SERVICES B,[SHARED SERVICES - 81],81,Dev Fullstack,Dev 2,02/04/2026,13/04/2026,8,8,OK_INTERVALO
Squad 1,SHARED SERVICES B,[SHARED SERVICES - 82],82,Dev Fullstack,Dev 4,02/04/2026,06/04/2026,3,3,OK_INTERVALO
Squad 1,SHARED SERVICES B,[SHARED SERVICES - 83],83,Dev Fullstack,Dev 10,02/04/2026,15/04/2026,10,10,OK_INTERVALO
Squad 1,SHARED SERVICES B,[SHARED SERVICES - 84],84,Dev Fullstack,Dev 9,03/04/2026,07/04/2026,3,3,OK_INTERVALO
Squad 1,SHARED SERVICES B,[SHARED SERVICES - 85],85,Dev Fullstack,Dev 7,06/04/2026,07/04/2026,2,2,OK_INTERVALO
Squad 1,SHARED SERVICES B,[SHARED SERVICES - 86],86,Dev Fullstack,Dev 8,06/04/2026,09/04/2026,4,4,OK_INTERVALO
Squad 1,SHARED SERVICES B,[SHARED SERVICES - 87],87,Dev Fullstack,Dev 1,07/04/2026,08/04/2026,2,2,OK_INTERVALO
Squad 1,SHARED SERVICES B,[SHARED SERVICES - 89],89,Dev Fullstack,Dev 4,07/04/2026,17/04/2026,9,9,OK_INTERVALO
Squad 1,SHARED SERVICES B,[SHARED SERVICES - 90],90,Dev Fullstack,Dev 7,08/04/2026,10/04/2026,3,3,OK_INTERVALO
Squad 1,SHARED SERVICES B,[SHARED SERVICES - 91],91,Dev Fullstack,Dev 9,08/04/2026,21/04/2026,10,10,OK_INTERVALO
Squad 1,SHARED SERVICES B,[SHARED SERVICES - 92],92,Dev Fullstack,Dev 1,09/04/2026,13/04/2026,3,3,OK_INTERVALO
Squad 1,SHARED SERVICES B,[SHARED SERVICES - 93],93,Dev Fullstack,Dev 3,09/04/2026,14/04/2026,4,4,OK_INTERVALO
Squad 1,SHARED SERVICES B,[SHARED SERVICES - 94],94,Dev Fullstack,Dev 5,09/04/2026,13/04/2026,3,3,OK_INTERVALO
Squad 1,SHARED SERVICES B,[SHARED SERVICES - 95],95,Dev Fullstack,Dev 8,10/04/2026,14/04/2026,3,3,OK_INTERVALO
Squad 1,SHARED SERVICES B,[SHARED SERVICES - 96],96,Dev Fullstack,Dev 6,13/04/2026,14/04/2026,2,2,OK_INTERVALO
Squad 1,SHARED SERVICES B,[SHARED SERVICES - 97],97,Dev Fullstack,Dev 7,13/04/2026,15/04/2026,3,3,OK_INTERVALO
Squad 1,SHARED SERVICES B,[SHARED SERVICES - 98],98,Dev Fullstack,Dev 1,14/04/2026,15/04/2026,2,2,OK_INTERVALO
Squad 1,SHARED SERVICES B,[SHARED SERVICES - 99],99,Dev Fullstack,Dev 2,14/04/2026,22/04/2026,7,7,OK_INTERVALO
Squad 1,SHARED SERVICES B,[SHARED SERVICES - 100],100,Dev Fullstack,Dev 5,14/04/2026,17/04/2026,4,4,OK_INTERVALO
Squad 1,SHARED SERVICES B,[SHARED SERVICES - 101],101,Dev Fullstack,Dev 3,15/04/2026,21/04/2026,5,5,OK_INTERVALO
Squad 1,SHARED SERVICES B,[SHARED SERVICES - 102],102,Dev Fullstack,Dev 6,15/04/2026,21/04/2026,5,5,OK_INTERVALO
Squad 1,SHARED SERVICES B,[SHARED SERVICES - 103],103,Dev Fullstack,Dev 8,15/04/2026,16/04/2026,2,2,OK_INTERVALO
Squad 1,SHARED SERVICES B,[SHARED SERVICES - 104],104,Dev Fullstack,Dev 1,16/04/2026,20/04/2026,3,3,OK_INTERVALO
Squad 1,SHARED SERVICES B,[SHARED SERVICES - 105],105,Dev Fullstack,Dev 7,16/04/2026,16/04/2026,1,1,OK_INTERVALO
Squad 1,SHARED SERVICES B,[SHARED SERVICES - 106],106,Dev Fullstack,Dev 10,16/04/2026,16/04/2026,1,1,OK_INTERVALO
Squad 1,SHARED SERVICES B,[SHARED SERVICES - 107],107,Dev Fullstack,Dev 7,17/04/2026,20/04/2026,2,2,OK_INTERVALO
Squad 1,SHARED SERVICES B,[SHARED SERVICES - 108],108,Dev Fullstack,Dev 8,17/04/2026,17/04/2026,1,1,OK_INTERVALO
Squad 1,SHARED SERVICES B,[SHARED SERVICES - 109],109,Dev Fullstack,Dev 10,17/04/2026,17/04/2026,1,1,OK_INTERVALO
Squad 1,SHARED SERVICES B,[SHARED SERVICES - 110],110,Dev Fullstack,Dev 4,20/04/2026,21/04/2026,2,2,OK_INTERVALO
Squad 1,SHARED SERVICES B,[SHARED SERVICES - 111],111,Dev Fullstack,Dev 5,20/04/2026,20/04/2026,1,1,OK_INTERVALO
Squad 1,SHARED SERVICES B,[SHARED SERVICES - 112],112,Dev Fullstack,Dev 8,20/04/2026,22/04/2026,3,3,OK_INTERVALO
Squad 1,SHARED SERVICES B,[SHARED SERVICES - 113],113,Dev Fullstack,Dev 10,20/04/2026,20/04/2026,1,1,OK_INTERVALO
Squad 1,SHARED SERVICES B,[SHARED SERVICES - 114],114,Dev Fullstack,Dev 1,21/04/2026,23/04/2026,3,3,OK_INTERVALO
Squad 1,SHARED SERVICES B,[SHARED SERVICES - 115],115,Dev Fullstack,Dev 5,21/04/2026,21/04/2026,1,1,OK_INTERVALO
Squad 1,SHARED SERVICES B,[SHARED SERVICES - 116],116,Dev Fullstack,Dev 7,21/04/2026,24/04/2026,4,4,OK_INTERVALO
Squad 1,SHARED SERVICES B,[SHARED SERVICES - 117],117,Dev Fullstack,Dev 10,21/04/2026,21/04/2026,1,1,OK_INTERVALO
Squad 1,SHARED SERVICES B,[SHARED SERVICES - 118],118,Dev Fullstack,Dev 3,22/04/2026,22/04/2026,1,1,OK_INTERVALO
Squad 1,SHARED SERVICES B,[SHARED SERVICES - 119],119,Dev Fullstack,Dev 4,22/04/2026,22/04/2026,1,1,OK_INTERVALO
Squad 1,SHARED SERVICES B,[SHARED SERVICES - 120],120,Dev Fullstack,Dev 5,22/04/2026,24/04/2026,3,3,OK_INTERVALO
Squad 1,SHARED SERVICES B,[SHARED SERVICES - 121],121,Dev Fullstack,Dev 6,22/04/2026,01/05/2026,8,8,OK_INTERVALO
Squad 1,SHARED SERVICES B,[SHARED SERVICES - 122],122,Dev Fullstack,Dev 9,22/04/2026,01/05/2026,8,8,OK_INTERVALO
Squad 1,SHARED SERVICES B,[SHARED SERVICES - 123],123,Dev Fullstack,Dev 10,22/04/2026,05/05/2026,10,10,OK_INTERVALO
Squad 1,SHARED SERVICES B,[SHARED SERVICES - 124],124,Dev Fullstack,Dev 2,23/04/2026,06/05/2026,10,10,OK_INTERVALO
Squad 1,SHARED SERVICES B,[SHARED SERVICES - 125],125,Dev Fullstack,Dev 3,23/04/2026,04/05/2026,8,8,OK_INTERVALO
Squad 1,SHARED SERVICES B,[SHARED SERVICES - 126],126,Dev Fullstack,Dev 4,23/04/2026,29/04/2026,5,5,OK_INTERVALO
Squad 1,SHARED SERVICES B,[SHARED SERVICES - 127],127,Dev Fullstack,Dev 8,23/04/2026,06/05/2026,10,10,OK_INTERVALO
Squad 1,SHARED SERVICES B,[SHARED SERVICES - 128],128,Dev Fullstack,Dev 1,24/04/2026,04/05/2026,7,7,OK_INTERVALO
Squad 7,RH,[RH - 1],1,Dev Fullstack,Dev 1,23/03/2026,03/04/2026,10,10,OK_INTERVALO
Squad 7,RH,[RH - 2],2,Dev Fullstack,Dev 2,01/04/2026,14/04/2026,10,10,OK_INTERVALO
Squad 7,RH,[RH - 3],3,Dev Fullstack,Dev 3,01/04/2026,14/04/2026,10,10,OK_INTERVALO
Squad 7,RH,[RH - 4],4,Dev Fullstack,Dev 4,01/04/2026,01/04/2026,1,1,OK_INTERVALO
Squad 7,RH,[RH - 5],5,Dev Fullstack,Dev 5,01/04/2026,14/04/2026,10,10,OK_INTERVALO
Squad 7,RH,[RH - 6],6,Dev Fullstack,Dev 4,02/04/2026,15/04/2026,10,10,OK_INTERVALO
Squad 7,RH,[RH - 7],7,Dev Fullstack,Dev 1,06/04/2026,07/04/2026,2,2,OK_INTERVALO
Squad 7,RH,[RH - 8],8,Dev Fullstack,Dev 1,08/04/2026,21/04/2026,10,10,OK_INTERVALO
Squad 7,RH,[RH - 9],9,Dev Fullstack,Dev 2,15/04/2026,16/04/2026,2,2,OK_INTERVALO
Squad 7,RH,[RH - 10],10,Dev Fullstack,Dev 3,15/04/2026,28/04/2026,10,10,OK_INTERVALO
Squad 7,RH,[RH - 11],11,Dev Fullstack,Dev 5,15/04/2026,27/04/2026,9,9,OK_INTERVALO
Squad 7,RH,[RH - 12],12,Dev Fullstack,Dev 4,16/04/2026,20/04/2026,3,3,OK_INTERVALO
Squad 7,RH,[RH - 13],13,Dev Fullstack,Dev 2,17/04/2026,28/04/2026,8,8,OK_INTERVALO
Squad 7,RH,[RH - 14],14,Dev Fullstack,Dev 4,21/04/2026,22/04/2026,2,2,OK_INTERVALO
Squad 7,RH,[RH - 15],15,Dev Fullstack,Dev 1,22/04/2026,04/05/2026,9,9,OK_INTERVALO
Squad 7,RH,[RH - 16],16,Dev Fullstack,Dev 4,23/04/2026,04/05/2026,8,8,OK_INTERVALO
Squad 7,RH,[RH - 17],17,Dev Fullstack,Dev 5,28/04/2026,06/05/2026,7,7,OK_INTERVALO
Squad 7,RH,[RH - 18],18,Dev Fullstack,Dev 2,29/04/2026,07/05/2026,7,7,OK_INTERVALO
Squad 7,RH,[RH - 19],19,Dev Fullstack,Dev 3,29/04/2026,12/05/2026,10,10,OK_INTERVALO
Squad 7,RH,[RH - 20],20,Dev Fullstack,Dev 1,05/05/2026,12/05/2026,6,6,OK_INTERVALO
Squad 7,RH,[RH - 21],21,Dev Fullstack,Dev 4,05/05/2026,18/05/2026,10,10,OK_INTERVALO
Squad 7,RH,[RH - 22],22,Dev Fullstack,Dev 5,07/05/2026,20/05/2026,10,10,OK_INTERVALO
Squad 7,RH,[RH - 23],23,Dev Fullstack,Dev 2,08/05/2026,15/05/2026,6,6,OK_INTERVALO
Squad 7,RH,[RH - 24],24,Dev Fullstack,Dev 1,13/05/2026,21/05/2026,7,7,OK_INTERVALO
Squad 7,RH,[RH - 25],25,Dev Fullstack,Dev 3,13/05/2026,19/05/2026,5,5,OK_INTERVALO
Squad 7,RH,[RH - 26],26,Dev Fullstack,Dev 2,18/05/2026,27/05/2026,8,8,OK_INTERVALO
Squad 3,RH,[RH - 27],27,Dev Fullstack,Dev 7,19/05/2026,28/05/2026,8,8,OK_INTERVALO
Squad 3,RH,[RH - 28],28,Dev Fullstack,Dev 9,19/05/2026,25/05/2026,5,5,OK_INTERVALO
Squad 3,RH,[RH - 29],29,Dev Fullstack,Dev 1,19/05/2026,27/05/2026,7,7,OK_INTERVALO
Squad 3,RH,[RH - 30],30,Dev Fullstack,Dev 3,19/05/2026,29/05/2026,9,9,OK_INTERVALO
Squad 3,RH,[RH - 31],31,Dev Fullstack,Dev 8,19/05/2026,20/05/2026,2,2,OK_INTERVALO
Squad 3,RH,[RH - 32],32,Dev Fullstack,Dev 10,19/05/2026,20/05/2026,2,2,OK_INTERVALO
Squad 3,RH,[RH - 33],33,Dev Fullstack,Dev 4,19/05/2026,20/05/2026,2,2,OK_INTERVALO
Squad 3,RH,[RH - 34],34,Dev Fullstack,Dev 6,19/05/2026,20/05/2026,2,2,OK_INTERVALO
Squad 7,RH,[RH - 35],35,Dev Fullstack,Dev 4,19/05/2026,20/05/2026,2,2,OK_INTERVALO
Squad 2,RH,[RH - 36],36,Dev Fullstack,Dev 1,20/05/2026,25/05/2026,4,4,OK_INTERVALO
Squad 3,RH,[RH - 37],37,Dev Fullstack,Dev 5,20/05/2026,21/05/2026,2,2,OK_INTERVALO
Squad 7,RH,[RH - 38],38,Dev Fullstack,Dev 3,20/05/2026,25/05/2026,4,4,OK_INTERVALO
Squad 2,RH,[RH - 39],39,Dev Fullstack,Dev 2,21/05/2026,22/05/2026,2,2,OK_INTERVALO
Squad 2,RH,[RH - 40],40,Dev Fullstack,Dev 5,21/05/2026,26/05/2026,4,4,OK_INTERVALO
Squad 3,RH,[RH - 41],41,Dev Fullstack,Dev 4,21/05/2026,26/05/2026,4,4,OK_INTERVALO
Squad 3,RH,[RH - 42],42,Dev Fullstack,Dev 6,21/05/2026,26/05/2026,4,4,OK_INTERVALO
Squad 3,RH,[RH - 43],43,Dev Fullstack,Dev 8,21/05/2026,26/05/2026,4,4,OK_INTERVALO
Squad 3,RH,[RH - 44],44,Dev Fullstack,Dev 10,21/05/2026,22/05/2026,2,2,OK_INTERVALO
Squad 7,RH,[RH - 45],45,Dev Fullstack,Dev 4,21/05/2026,22/05/2026,2,2,OK_INTERVALO
Squad 7,RH,[RH - 46],46,Dev Fullstack,Dev 5,21/05/2026,22/05/2026,2,2,OK_INTERVALO
Squad 2,RH,[RH - 47],47,Dev Fullstack,Dev 4,22/05/2026,25/05/2026,2,2,OK_INTERVALO
Squad 2,RH,[RH - 48],48,Dev Fullstack,Dev 7,22/05/2026,27/05/2026,4,4,OK_INTERVALO
Squad 2,RH,[RH - 49],49,Dev Fullstack,Dev 8,22/05/2026,25/05/2026,2,2,OK_INTERVALO
Squad 3,RH,[RH - 50],50,Dev Fullstack,Dev 5,22/05/2026,25/05/2026,2,2,OK_INTERVALO
Squad 7,RH,[RH - 51],51,Dev Fullstack,Dev 1,22/05/2026,25/05/2026,2,2,OK_INTERVALO
Squad 2,RH,[RH - 52],52,Dev Fullstack,Dev 2,25/05/2026,26/05/2026,2,2,OK_INTERVALO
Squad 2,RH,[RH - 53],53,Dev Fullstack,Dev 3,25/05/2026,03/06/2026,8,8,OK_INTERVALO
Squad 3,RH,[RH - 54],54,Dev Fullstack,Dev 10,25/05/2026,26/05/2026,2,2,OK_INTERVALO
Squad 7,RH,[RH - 55],55,Dev Fullstack,Dev 4,25/05/2026,02/06/2026,7,7,OK_INTERVALO
Squad 7,RH,[RH - 56],56,Dev Fullstack,Dev 5,25/05/2026,27/05/2026,3,3,OK_INTERVALO
Squad 2,RH,[RH - 57],57,Dev Fullstack,Dev 1,26/05/2026,27/05/2026,2,2,OK_INTERVALO
Squad 2,RH,[RH - 58],58,Dev Fullstack,Dev 4,26/05/2026,27/05/2026,2,2,OK_INTERVALO
Squad 2,RH,[RH - 59],59,Dev Fullstack,Dev 8,26/05/2026,27/05/2026,2,2,OK_INTERVALO
Squad 3,RH,[RH - 60],60,Dev Fullstack,Dev 5,26/05/2026,27/05/2026,2,2,OK_INTERVALO
Squad 3,RH,[RH - 61],61,Dev Fullstack,Dev 9,26/05/2026,27/05/2026,2,2,OK_INTERVALO
Squad 7,RH,[RH - 62],62,Dev Fullstack,Dev 1,26/05/2026,05/06/2026,9,9,OK_INTERVALO
Squad 7,RH,[RH - 63],63,Dev Fullstack,Dev 3,26/05/2026,28/05/2026,3,3,OK_INTERVALO
Squad 2,RH,[RH - 64],64,Dev Fullstack,Dev 2,27/05/2026,28/05/2026,2,2,OK_INTERVALO
Squad 2,RH,[RH - 65],65,Dev Fullstack,Dev 5,27/05/2026,28/05/2026,2,2,OK_INTERVALO
Squad 2,RH,[RH - 66],66,Dev Fullstack,Dev 9,27/05/2026,01/06/2026,4,4,OK_INTERVALO
Squad 2,RH,[RH - 67],67,Dev Fullstack,Dev 10,27/05/2026,29/05/2026,3,3,OK_INTERVALO
Squad 3,RH,[RH - 68],68,Dev Fullstack,Dev 4,27/05/2026,01/06/2026,4,4,OK_INTERVALO
Squad 3,RH,[RH - 69],69,Dev Fullstack,Dev 6,27/05/2026,28/05/2026,2,2,OK_INTERVALO
Squad 3,RH,[RH - 70],70,Dev Fullstack,Dev 8,27/05/2026,05/06/2026,8,8,OK_INTERVALO
Squad 3,RH,[RH - 71],71,Dev Fullstack,Dev 10,27/05/2026,08/06/2026,9,9,OK_INTERVALO
Squad 2,RH,[RH - 72],72,Dev Fullstack,Dev 1,28/05/2026,01/06/2026,3,3,OK_INTERVALO
Squad 8,FINANCE,[FINANCE - 1],1,Dev Fullstack,Dev 1,23/03/2026,27/03/2026,5,5,OK_INTERVALO
Squad 8,FINANCE,[FINANCE - 2],2,Dev Fullstack,Dev 1,30/03/2026,03/04/2026,5,5,OK_INTERVALO
Squad 8,FINANCE,[FINANCE - 3],3,Dev Fullstack,Dev 2,01/04/2026,07/04/2026,5,5,OK_INTERVALO
Squad 8,FINANCE,[FINANCE - 4],4,Dev Fullstack,Dev 3,01/04/2026,07/04/2026,5,5,OK_INTERVALO
Squad 8,FINANCE,[FINANCE - 5],5,Dev Fullstack,Dev 4,01/04/2026,07/04/2026,5,5,OK_INTERVALO
Squad 8,FINANCE,[FINANCE - 6],6,Dev Fullstack,Dev 5,01/04/2026,07/04/2026,5,5,OK_INTERVALO
Squad 8,FINANCE,[FINANCE - 7],7,Dev Fullstack,Dev 1,06/04/2026,10/04/2026,5,5,OK_INTERVALO
Squad 8,FINANCE,[FINANCE - 8],8,Dev Fullstack,Dev 2,08/04/2026,14/04/2026,5,5,OK_INTERVALO
Squad 8,FINANCE,[FINANCE - 9],9,Dev Fullstack,Dev 3,08/04/2026,14/04/2026,5,5,OK_INTERVALO
Squad 8,FINANCE,[FINANCE - 10],10,Dev Fullstack,Dev 4,08/04/2026,14/04/2026,5,5,OK_INTERVALO
Squad 8,FINANCE,[FINANCE - 11],11,Dev Fullstack,Dev 5,08/04/2026,14/04/2026,5,5,OK_INTERVALO
Squad 8,FINANCE,[FINANCE - 12],12,Dev Fullstack,Dev 1,13/04/2026,17/04/2026,5,5,OK_INTERVALO
Squad 8,FINANCE,[FINANCE - 13],13,Dev Fullstack,Dev 2,15/04/2026,22/04/2026,6,6,OK_INTERVALO
Squad 8,FINANCE,[FINANCE - 14],14,Dev Fullstack,Dev 3,15/04/2026,23/04/2026,7,7,OK_INTERVALO
Squad 8,FINANCE,[FINANCE - 15],15,Dev Fullstack,Dev 4,15/04/2026,20/04/2026,4,4,OK_INTERVALO
Squad 8,FINANCE,[FINANCE - 16],16,Dev Fullstack,Dev 5,15/04/2026,20/04/2026,4,4,OK_INTERVALO
Squad 8,FINANCE,[FINANCE - 17],17,Dev Fullstack,Dev 1,20/04/2026,23/04/2026,4,4,OK_INTERVALO
Squad 8,FINANCE,[FINANCE - 18],18,Dev Fullstack,Dev 4,21/04/2026,24/04/2026,4,4,OK_INTERVALO
Squad 8,FINANCE,[FINANCE - 19],19,Dev Fullstack,Dev 5,21/04/2026,22/04/2026,2,2,OK_INTERVALO
Squad 8,FINANCE,[FINANCE - 20],20,Dev Fullstack,Dev 2,23/04/2026,30/04/2026,6,6,OK_INTERVALO
Squad 8,FINANCE,[FINANCE - 21],21,Dev Fullstack,Dev 5,23/04/2026,01/05/2026,7,7,OK_INTERVALO
Squad 8,FINANCE,[FINANCE - 22],22,Dev Fullstack,Dev 1,24/04/2026,07/05/2026,10,10,OK_INTERVALO
Squad 8,FINANCE,[FINANCE - 23],23,Dev Fullstack,Dev 3,24/04/2026,05/05/2026,8,8,OK_INTERVALO
Squad 8,FINANCE,[FINANCE - 24],24,Dev Fullstack,Dev 4,27/04/2026,04/05/2026,6,6,OK_INTERVALO
Squad 8,FINANCE,[FINANCE - 25],25,Dev Fullstack,Dev 2,01/05/2026,12/05/2026,8,8,OK_INTERVALO
Squad 8,FINANCE,[FINANCE - 26],26,Dev Fullstack,Dev 5,04/05/2026,14/05/2026,9,9,OK_INTERVALO
Squad 8,FINANCE,[FINANCE - 27],27,Dev Fullstack,Dev 4,05/05/2026,13/05/2026,7,7,OK_INTERVALO
Squad 8,FINANCE,[FINANCE - 28],28,Dev Fullstack,Dev 3,06/05/2026,07/05/2026,2,2,OK_INTERVALO
Squad 2,FINANCE,[FINANCE - 29],29,Dev Fullstack,Dev 8,08/05/2026,13/05/2026,4,4,OK_INTERVALO
Squad 2,FINANCE,[FINANCE - 30],30,Dev Fullstack,Dev 4,08/05/2026,21/05/2026,10,10,OK_INTERVALO
Squad 2,FINANCE,[FINANCE - 31],31,Dev Fullstack,Dev 2,08/05/2026,20/05/2026,9,9,OK_INTERVALO
Squad 2,FINANCE,[FINANCE - 32],32,Dev Fullstack,Dev 7,08/05/2026,21/05/2026,10,10,OK_INTERVALO
Squad 2,FINANCE,[FINANCE - 33],33,Dev Fullstack,Dev 10,08/05/2026,13/05/2026,4,4,OK_INTERVALO
Squad 2,FINANCE,[FINANCE - 34],34,Dev Fullstack,Dev 1,08/05/2026,19/05/2026,8,8,OK_INTERVALO
Squad 2,FINANCE,[FINANCE - 35],35,Dev Fullstack,Dev 5,08/05/2026,08/05/2026,1,1,OK_INTERVALO
Squad 2,FINANCE,[FINANCE - 36],36,Dev Fullstack,Dev 9,08/05/2026,14/05/2026,5,5,OK_INTERVALO
Squad 8,FINANCE,[FINANCE - 37],37,Dev Fullstack,Dev 1,08/05/2026,13/05/2026,4,4,OK_INTERVALO
Squad 8,FINANCE,[FINANCE - 38],38,Dev Fullstack,Dev 3,08/05/2026,15/05/2026,6,6,OK_INTERVALO
Squad 2,FINANCE,[FINANCE - 39],39,Dev Fullstack,Dev 3,11/05/2026,22/05/2026,10,10,OK_INTERVALO
Squad 2,FINANCE,[FINANCE - 40],40,Dev Fullstack,Dev 5,11/05/2026,20/05/2026,8,8,OK_INTERVALO
Squad 2,FINANCE,[FINANCE - 41],41,Dev Fullstack,Dev 6,11/05/2026,15/05/2026,5,5,OK_INTERVALO
Squad 8,FINANCE,[FINANCE - 42],42,Dev Fullstack,Dev 2,13/05/2026,19/05/2026,5,5,OK_INTERVALO
Squad 2,FINANCE,[FINANCE - 43],43,Dev Fullstack,Dev 8,14/05/2026,21/05/2026,6,6,OK_INTERVALO
Squad 2,FINANCE,[FINANCE - 44],44,Dev Fullstack,Dev 10,14/05/2026,26/05/2026,9,9,OK_INTERVALO
Squad 8,FINANCE,[FINANCE - 45],45,Dev Fullstack,Dev 1,14/05/2026,25/05/2026,8,8,OK_INTERVALO
Squad 8,FINANCE,[FINANCE - 46],46,Dev Fullstack,Dev 4,14/05/2026,22/05/2026,7,7,OK_INTERVALO
Squad 2,FINANCE,[FINANCE - 47],47,Dev Fullstack,Dev 9,15/05/2026,26/05/2026,8,8,OK_INTERVALO
Squad 8,FINANCE,[FINANCE - 48],48,Dev Fullstack,Dev 5,15/05/2026,27/05/2026,9,9,OK_INTERVALO
Squad 2,FINANCE,[FINANCE - 49],49,Dev Fullstack,Dev 6,18/05/2026,27/05/2026,8,8,OK_INTERVALO
Squad 8,FINANCE,[FINANCE - 50],50,Dev Fullstack,Dev 3,18/05/2026,28/05/2026,9,9,OK_INTERVALO
Squad 3,FINANCE,[FINANCE - 51],51,Dev Fullstack,Dev 2,19/05/2026,28/05/2026,8,8,OK_INTERVALO
Squad 5,SUPPLY CHAIN,[SUPPLY CHAIN - 1],1,Dev Fullstack,Dev 1,23/03/2026,30/03/2026,6,6,OK_INTERVALO
Squad 5,SUPPLY CHAIN,[SUPPLY CHAIN - 2],2,Dev Fullstack,Dev 1,31/03/2026,02/04/2026,3,3,OK_INTERVALO
Squad 5,SUPPLY CHAIN,[SUPPLY CHAIN - 3],3,Dev Fullstack,Dev 2,01/04/2026,07/04/2026,5,5,OK_INTERVALO
Squad 5,SUPPLY CHAIN,[SUPPLY CHAIN - 4],4,Dev Fullstack,Dev 3,01/04/2026,03/04/2026,3,3,OK_INTERVALO
Squad 5,SUPPLY CHAIN,[SUPPLY CHAIN - 5],5,Dev Fullstack,Dev 4,01/04/2026,06/04/2026,4,4,OK_INTERVALO
Squad 5,SUPPLY CHAIN,[SUPPLY CHAIN - 6],6,Dev Fullstack,Dev 5,01/04/2026,13/04/2026,9,9,OK_INTERVALO
Squad 5,SUPPLY CHAIN,[SUPPLY CHAIN - 7],7,Dev Fullstack,Dev 6,01/04/2026,07/04/2026,5,5,OK_INTERVALO
Squad 5,SUPPLY CHAIN,[SUPPLY CHAIN - 8],8,Dev Fullstack,Dev 7,01/04/2026,10/04/2026,8,8,OK_INTERVALO
Squad 5,SUPPLY CHAIN,[SUPPLY CHAIN - 9],9,Dev Fullstack,Dev 8,01/04/2026,06/04/2026,4,4,OK_INTERVALO
Squad 5,SUPPLY CHAIN,[SUPPLY CHAIN - 10],10,Dev Fullstack,Dev 9,01/04/2026,06/04/2026,4,4,OK_INTERVALO
Squad 5,SUPPLY CHAIN,[SUPPLY CHAIN - 11],11,Dev Fullstack,Dev 10,01/04/2026,06/04/2026,4,4,OK_INTERVALO
Squad 5,SUPPLY CHAIN,[SUPPLY CHAIN - 12],12,Dev Fullstack,Dev 1,03/04/2026,08/04/2026,4,4,OK_INTERVALO
Squad 5,SUPPLY CHAIN,[SUPPLY CHAIN - 13],13,Dev Fullstack,Dev 3,06/04/2026,07/04/2026,2,2,OK_INTERVALO
Squad 5,SUPPLY CHAIN,[SUPPLY CHAIN - 14],14,Dev Fullstack,Dev 4,07/04/2026,08/04/2026,2,2,OK_INTERVALO
Squad 5,SUPPLY CHAIN,[SUPPLY CHAIN - 15],15,Dev Fullstack,Dev 8,07/04/2026,10/04/2026,4,4,OK_INTERVALO
Squad 5,SUPPLY CHAIN,[SUPPLY CHAIN - 16],16,Dev Fullstack,Dev 9,07/04/2026,17/04/2026,9,9,OK_INTERVALO
Squad 5,SUPPLY CHAIN,[SUPPLY CHAIN - 17],17,Dev Fullstack,Dev 10,07/04/2026,20/04/2026,10,10,OK_INTERVALO
Squad 5,SUPPLY CHAIN,[SUPPLY CHAIN - 18],18,Dev Fullstack,Dev 2,08/04/2026,21/04/2026,10,10,OK_INTERVALO
Squad 5,SUPPLY CHAIN,[SUPPLY CHAIN - 19],19,Dev Fullstack,Dev 3,08/04/2026,17/04/2026,8,8,OK_INTERVALO
Squad 5,SUPPLY CHAIN,[SUPPLY CHAIN - 20],20,Dev Fullstack,Dev 6,08/04/2026,17/04/2026,8,8,OK_INTERVALO
Squad 5,SUPPLY CHAIN,[SUPPLY CHAIN - 21],21,Dev Fullstack,Dev 1,09/04/2026,20/04/2026,8,8,OK_INTERVALO
Squad 5,SUPPLY CHAIN,[SUPPLY CHAIN - 22],22,Dev Fullstack,Dev 4,09/04/2026,20/04/2026,8,8,OK_INTERVALO
Squad 5,SUPPLY CHAIN,[SUPPLY CHAIN - 23],23,Dev Fullstack,Dev 7,13/04/2026,16/04/2026,4,4,OK_INTERVALO
Squad 5,SUPPLY CHAIN,[SUPPLY CHAIN - 24],24,Dev Fullstack,Dev 8,13/04/2026,22/04/2026,8,8,OK_INTERVALO
Squad 5,SUPPLY CHAIN,[SUPPLY CHAIN - 25],25,Dev Fullstack,Dev 5,14/04/2026,23/04/2026,8,8,OK_INTERVALO
Squad 5,SUPPLY CHAIN,[SUPPLY CHAIN - 26],26,Dev Fullstack,Dev 7,17/04/2026,21/04/2026,3,3,OK_INTERVALO
Squad 5,SUPPLY CHAIN,[SUPPLY CHAIN - 27],27,Dev Fullstack,Dev 3,20/04/2026,30/04/2026,9,9,OK_INTERVALO
Squad 5,SUPPLY CHAIN,[SUPPLY CHAIN - 28],28,Dev Fullstack,Dev 6,20/04/2026,23/04/2026,4,4,OK_INTERVALO
Squad 5,SUPPLY CHAIN,[SUPPLY CHAIN - 29],29,Dev Fullstack,Dev 9,20/04/2026,30/04/2026,9,9,OK_INTERVALO
Squad 5,SUPPLY CHAIN,[SUPPLY CHAIN - 30],30,Dev Fullstack,Dev 1,21/04/2026,29/04/2026,7,7,OK_INTERVALO
Squad 5,SUPPLY CHAIN,[SUPPLY CHAIN - 31],31,Dev Fullstack,Dev 4,21/04/2026,30/04/2026,8,8,OK_INTERVALO
Squad 5,SUPPLY CHAIN,[SUPPLY CHAIN - 32],32,Dev Fullstack,Dev 10,21/04/2026,23/04/2026,3,3,OK_INTERVALO
Squad 5,SUPPLY CHAIN,[SUPPLY CHAIN - 33],33,Dev Fullstack,Dev 2,22/04/2026,05/05/2026,10,10,OK_INTERVALO
Squad 5,SUPPLY CHAIN,[SUPPLY CHAIN - 34],34,Dev Fullstack,Dev 7,22/04/2026,01/05/2026,8,8,OK_INTERVALO
Squad 5,SUPPLY CHAIN,[SUPPLY CHAIN - 35],35,Dev Fullstack,Dev 8,23/04/2026,30/04/2026,6,6,OK_INTERVALO
Squad 5,SUPPLY CHAIN,[SUPPLY CHAIN - 36],36,Dev Fullstack,Dev 5,24/04/2026,07/05/2026,10,10,OK_INTERVALO
Squad 5,SUPPLY CHAIN,[SUPPLY CHAIN - 37],37,Dev Fullstack,Dev 6,24/04/2026,28/04/2026,3,3,OK_INTERVALO
Squad 5,SUPPLY CHAIN,[SUPPLY CHAIN - 38],38,Dev Fullstack,Dev 10,24/04/2026,27/04/2026,2,2,OK_INTERVALO
Squad 5,SUPPLY CHAIN,[SUPPLY CHAIN - 39],39,Dev Fullstack,Dev 10,28/04/2026,01/05/2026,4,4,OK_INTERVALO
Squad 5,SUPPLY CHAIN,[SUPPLY CHAIN - 40],40,Dev Fullstack,Dev 6,29/04/2026,06/05/2026,6,6,OK_INTERVALO
Squad 5,SUPPLY CHAIN,[SUPPLY CHAIN - 41],41,Dev Fullstack,Dev 1,30/04/2026,07/05/2026,6,6,OK_INTERVALO
Squad 5,SUPPLY CHAIN,[SUPPLY CHAIN - 42],42,Dev Fullstack,Dev 3,01/05/2026,05/05/2026,3,3,OK_INTERVALO
Squad 5,SUPPLY CHAIN,[SUPPLY CHAIN - 43],43,Dev Fullstack,Dev 4,01/05/2026,05/05/2026,3,3,OK_INTERVALO
Squad 5,SUPPLY CHAIN,[SUPPLY CHAIN - 44],44,Dev Fullstack,Dev 8,01/05/2026,07/05/2026,5,5,OK_INTERVALO
Squad 5,SUPPLY CHAIN,[SUPPLY CHAIN - 45],45,Dev Fullstack,Dev 9,01/05/2026,04/05/2026,2,2,OK_INTERVALO
Squad 5,SUPPLY CHAIN,[SUPPLY CHAIN - 46],46,Dev Fullstack,Dev 7,04/05/2026,08/05/2026,5,5,OK_INTERVALO
Squad 5,SUPPLY CHAIN,[SUPPLY CHAIN - 47],47,Dev Fullstack,Dev 10,04/05/2026,11/05/2026,6,6,OK_INTERVALO
Squad 5,SUPPLY CHAIN,[SUPPLY CHAIN - 48],48,Dev Fullstack,Dev 9,05/05/2026,12/05/2026,6,6,OK_INTERVALO
Squad 5,SUPPLY CHAIN,[SUPPLY CHAIN - 49],49,Dev Fullstack,Dev 2,06/05/2026,11/05/2026,4,4,OK_INTERVALO
Squad 5,SUPPLY CHAIN,[SUPPLY CHAIN - 50],50,Dev Fullstack,Dev 3,06/05/2026,15/05/2026,8,8,OK_INTERVALO
Squad 5,SUPPLY CHAIN,[SUPPLY CHAIN - 51],51,Dev Fullstack,Dev 4,06/05/2026,15/05/2026,8,8,OK_INTERVALO
Squad 5,SUPPLY CHAIN,[SUPPLY CHAIN - 52],52,Dev Fullstack,Dev 6,07/05/2026,12/05/2026,4,4,OK_INTERVALO
Squad 5,SUPPLY CHAIN,[SUPPLY CHAIN - 53],53,Dev Fullstack,Dev 1,08/05/2026,12/05/2026,3,3,OK_INTERVALO
Squad 5,SUPPLY CHAIN,[SUPPLY CHAIN - 54],54,Dev Fullstack,Dev 5,08/05/2026,13/05/2026,4,4,OK_INTERVALO
Squad 5,SUPPLY CHAIN,[SUPPLY CHAIN - 55],55,Dev Fullstack,Dev 8,08/05/2026,13/05/2026,4,4,OK_INTERVALO
Squad 5,SUPPLY CHAIN,[SUPPLY CHAIN - 56],56,Dev Fullstack,Dev 7,11/05/2026,12/05/2026,2,2,OK_INTERVALO
Squad 5,SUPPLY CHAIN,[SUPPLY CHAIN - 57],57,Dev Fullstack,Dev 2,12/05/2026,19/05/2026,6,6,OK_INTERVALO
Squad 5,SUPPLY CHAIN,[SUPPLY CHAIN - 58],58,Dev Fullstack,Dev 10,12/05/2026,14/05/2026,3,3,OK_INTERVALO
Squad 5,SUPPLY CHAIN,[SUPPLY CHAIN - 59],59,Dev Fullstack,Dev 1,13/05/2026,18/05/2026,4,4,OK_INTERVALO
Squad 5,SUPPLY CHAIN,[SUPPLY CHAIN - 60],60,Dev Fullstack,Dev 6,13/05/2026,26/05/2026,10,10,OK_INTERVALO
Squad 5,SUPPLY CHAIN,[SUPPLY CHAIN - 61],61,Dev Fullstack,Dev 7,13/05/2026,18/05/2026,4,4,OK_INTERVALO
Squad 5,SUPPLY CHAIN,[SUPPLY CHAIN - 62],62,Dev Fullstack,Dev 9,13/05/2026,25/05/2026,9,9,OK_INTERVALO
Squad 5,SUPPLY CHAIN,[SUPPLY CHAIN - 63],63,Dev Fullstack,Dev 5,14/05/2026,21/05/2026,6,6,OK_INTERVALO
Squad 5,SUPPLY CHAIN,[SUPPLY CHAIN - 64],64,Dev Fullstack,Dev 8,14/05/2026,21/05/2026,6,6,OK_INTERVALO
Squad 5,SUPPLY CHAIN,[SUPPLY CHAIN - 65],65,Dev Fullstack,Dev 10,15/05/2026,22/05/2026,6,6,OK_INTERVALO
Squad 5,SUPPLY CHAIN,[SUPPLY CHAIN - 66],66,Dev Fullstack,Dev 3,18/05/2026,25/05/2026,6,6,OK_INTERVALO
Squad 5,SUPPLY CHAIN,[SUPPLY CHAIN - 67],67,Dev Fullstack,Dev 4,18/05/2026,28/05/2026,9,9,OK_INTERVALO
Squad 5,SUPPLY CHAIN,[SUPPLY CHAIN - 68],68,Dev Fullstack,Dev 1,19/05/2026,28/05/2026,8,8,OK_INTERVALO
Squad 5,SUPPLY CHAIN,[SUPPLY CHAIN - 69],69,Dev Fullstack,Dev 7,19/05/2026,20/05/2026,2,2,OK_INTERVALO
Squad 5,SUPPLY CHAIN,[SUPPLY CHAIN - 70],70,Dev Fullstack,Dev 2,20/05/2026,02/06/2026,10,10,OK_INTERVALO
Squad 5,SUPPLY CHAIN,[SUPPLY CHAIN - 71],71,Dev Fullstack,Dev 7,21/05/2026,03/06/2026,10,10,OK_INTERVALO
Squad 5,SUPPLY CHAIN,[SUPPLY CHAIN - 72],72,Dev Fullstack,Dev 5,22/05/2026,28/05/2026,5,5,OK_INTERVALO
Squad 5,SUPPLY CHAIN,[SUPPLY CHAIN - 73],73,Dev Fullstack,Dev 8,22/05/2026,27/05/2026,4,4,OK_INTERVALO
Squad 6,SUPPLY CHAIN,[SUPPLY CHAIN - 74],74,Dev Fullstack,Dev 3,22/05/2026,28/05/2026,5,5,OK_INTERVALO
Squad 6,SUPPLY CHAIN,[SUPPLY CHAIN - 75],75,Dev Fullstack,Dev 4,22/05/2026,26/05/2026,3,3,OK_INTERVALO
Squad 6,SUPPLY CHAIN,[SUPPLY CHAIN - 76],76,Dev Fullstack,Dev 15,22/05/2026,28/05/2026,5,5,OK_INTERVALO
Squad 6,SUPPLY CHAIN,[SUPPLY CHAIN - 77],77,Dev Fullstack,Dev 16,22/05/2026,25/05/2026,2,2,OK_INTERVALO
Squad 6,SUPPLY CHAIN,[SUPPLY CHAIN - 78],78,Dev Fullstack,Dev 19,22/05/2026,26/05/2026,3,3,OK_INTERVALO
Squad 6,SUPPLY CHAIN,[SUPPLY CHAIN - 79],79,Dev Fullstack,Dev 20,22/05/2026,28/05/2026,5,5,OK_INTERVALO
Squad 6,SUPPLY CHAIN,[SUPPLY CHAIN - 80],80,Dev Fullstack,Dev 8,22/05/2026,27/05/2026,4,4,OK_INTERVALO
Squad 6,SUPPLY CHAIN,[SUPPLY CHAIN - 81],81,Dev Fullstack,Dev 2,22/05/2026,28/05/2026,5,5,OK_INTERVALO
Squad 6,SUPPLY CHAIN,[SUPPLY CHAIN - 82],82,Dev Fullstack,Dev 7,22/05/2026,25/05/2026,2,2,OK_INTERVALO
Squad 6,SUPPLY CHAIN,[SUPPLY CHAIN - 83],83,Dev Fullstack,Dev 17,22/05/2026,27/05/2026,4,4,OK_INTERVALO
Squad 6,SUPPLY CHAIN,[SUPPLY CHAIN - 84],84,Dev Fullstack,Dev 1,22/05/2026,01/06/2026,7,7,OK_INTERVALO
Squad 6,SUPPLY CHAIN,[SUPPLY CHAIN - 85],85,Dev Fullstack,Dev 6,22/05/2026,27/05/2026,4,4,OK_INTERVALO
Squad 6,COMERCIAL,[COMERCIAL - 1],1,Dev Fullstack,Dev 1,23/03/2026,23/03/2026,1,1,OK_INTERVALO
Squad 6,COMERCIAL,[COMERCIAL - 2],2,Dev Fullstack,Dev 2,23/03/2026,25/03/2026,3,3,OK_INTERVALO
Squad 6,COMERCIAL,[COMERCIAL - 3],3,Dev Fullstack,Dev 1,24/03/2026,30/03/2026,5,5,OK_INTERVALO
Squad 6,COMERCIAL,[COMERCIAL - 4],4,Dev Fullstack,Dev 2,26/03/2026,31/03/2026,4,4,OK_INTERVALO
Squad 6,COMERCIAL,[COMERCIAL - 5],5,Dev Fullstack,Dev 1,31/03/2026,03/04/2026,4,4,OK_INTERVALO
Squad 6,COMERCIAL,[COMERCIAL - 6],6,Dev Fullstack,Dev 2,01/04/2026,08/04/2026,6,6,OK_INTERVALO
Squad 6,COMERCIAL,[COMERCIAL - 7],7,Dev Fullstack,Dev 3,01/04/2026,13/04/2026,9,9,OK_INTERVALO
Squad 6,COMERCIAL,[COMERCIAL - 8],8,Dev Fullstack,Dev 4,01/04/2026,09/04/2026,7,7,OK_INTERVALO
Squad 6,COMERCIAL,[COMERCIAL - 9],9,Dev Fullstack,Dev 5,01/04/2026,13/04/2026,9,9,OK_INTERVALO
Squad 6,COMERCIAL,[COMERCIAL - 10],10,Dev Fullstack,Dev 6,01/04/2026,10/04/2026,8,8,OK_INTERVALO
Squad 6,COMERCIAL,[COMERCIAL - 11],11,Dev Fullstack,Dev 7,01/04/2026,08/04/2026,6,6,OK_INTERVALO
Squad 6,COMERCIAL,[COMERCIAL - 12],12,Dev Fullstack,Dev 8,01/04/2026,09/04/2026,7,7,OK_INTERVALO
Squad 6,COMERCIAL,[COMERCIAL - 13],13,Dev Fullstack,Dev 9,01/04/2026,13/04/2026,9,9,OK_INTERVALO
Squad 6,COMERCIAL,[COMERCIAL - 14],14,Dev Fullstack,Dev 10,01/04/2026,09/04/2026,7,7,OK_INTERVALO
Squad 6,COMERCIAL,[COMERCIAL - 15],15,Dev Fullstack,Dev 11,01/04/2026,13/04/2026,9,9,OK_INTERVALO
Squad 6,COMERCIAL,[COMERCIAL - 16],16,Dev Fullstack,Dev 12,01/04/2026,08/04/2026,6,6,OK_INTERVALO
Squad 6,COMERCIAL,[COMERCIAL - 17],17,Dev Fullstack,Dev 13,01/04/2026,08/04/2026,6,6,OK_INTERVALO
Squad 6,COMERCIAL,[COMERCIAL - 18],18,Dev Fullstack,Dev 14,01/04/2026,09/04/2026,7,7,OK_INTERVALO
Squad 6,COMERCIAL,[COMERCIAL - 19],19,Dev Fullstack,Dev 15,01/04/2026,13/04/2026,9,9,OK_INTERVALO
Squad 6,COMERCIAL,[COMERCIAL - 20],20,Dev Fullstack,Dev 16,01/04/2026,15/04/2026,11,11,OK_INTERVALO
Squad 6,COMERCIAL,[COMERCIAL - 21],21,Dev Fullstack,Dev 17,01/04/2026,15/04/2026,11,11,OK_INTERVALO
Squad 6,COMERCIAL,[COMERCIAL - 22],22,Dev Fullstack,Dev 18,01/04/2026,06/04/2026,4,4,OK_INTERVALO
Squad 6,COMERCIAL,[COMERCIAL - 23],23,Dev Fullstack,Dev 19,01/04/2026,14/04/2026,10,10,OK_INTERVALO
Squad 6,COMERCIAL,[COMERCIAL - 24],24,Dev Fullstack,Dev 20,01/04/2026,08/04/2026,6,6,OK_INTERVALO
Squad 6,COMERCIAL,[COMERCIAL - 25],25,Dev Fullstack,Dev 1,06/04/2026,13/04/2026,6,6,OK_INTERVALO
Squad 6,COMERCIAL,[COMERCIAL - 26],26,Dev Fullstack,Dev 18,07/04/2026,16/04/2026,8,8,OK_INTERVALO
Squad 6,COMERCIAL,[COMERCIAL - 27],27,Dev Fullstack,Dev 2,09/04/2026,16/04/2026,6,6,OK_INTERVALO
Squad 6,COMERCIAL,[COMERCIAL - 28],28,Dev Fullstack,Dev 7,09/04/2026,20/04/2026,8,8,OK_INTERVALO
Squad 6,COMERCIAL,[COMERCIAL - 29],29,Dev Fullstack,Dev 12,09/04/2026,20/04/2026,8,8,OK_INTERVALO
Squad 6,COMERCIAL,[COMERCIAL - 30],30,Dev Fullstack,Dev 13,09/04/2026,22/04/2026,10,10,OK_INTERVALO
Squad 6,COMERCIAL,[COMERCIAL - 31],31,Dev Fullstack,Dev 20,09/04/2026,17/04/2026,7,7,OK_INTERVALO
Squad 6,COMERCIAL,[COMERCIAL - 32],32,Dev Fullstack,Dev 4,10/04/2026,21/04/2026,8,8,OK_INTERVALO
Squad 6,COMERCIAL,[COMERCIAL - 33],33,Dev Fullstack,Dev 8,10/04/2026,21/04/2026,8,8,OK_INTERVALO
Squad 6,COMERCIAL,[COMERCIAL - 34],34,Dev Fullstack,Dev 10,10/04/2026,21/04/2026,8,8,OK_INTERVALO
Squad 6,COMERCIAL,[COMERCIAL - 35],35,Dev Fullstack,Dev 14,10/04/2026,15/04/2026,4,4,OK_INTERVALO
Squad 6,COMERCIAL,[COMERCIAL - 36],36,Dev Fullstack,Dev 6,13/04/2026,20/04/2026,6,6,OK_INTERVALO
Squad 6,COMERCIAL,[COMERCIAL - 37],37,Dev Fullstack,Dev 1,14/04/2026,27/04/2026,10,10,OK_INTERVALO
Squad 6,COMERCIAL,[COMERCIAL - 38],38,Dev Fullstack,Dev 3,14/04/2026,20/04/2026,5,5,OK_INTERVALO
Squad 6,COMERCIAL,[COMERCIAL - 39],39,Dev Fullstack,Dev 5,14/04/2026,27/04/2026,10,10,OK_INTERVALO
Squad 6,COMERCIAL,[COMERCIAL - 40],40,Dev Fullstack,Dev 9,14/04/2026,27/04/2026,10,10,OK_INTERVALO
Squad 6,COMERCIAL,[COMERCIAL - 41],41,Dev Fullstack,Dev 11,14/04/2026,27/04/2026,10,10,OK_INTERVALO
Squad 6,COMERCIAL,[COMERCIAL - 42],42,Dev Fullstack,Dev 15,14/04/2026,27/04/2026,10,10,OK_INTERVALO
Squad 6,COMERCIAL,[COMERCIAL - 43],43,Dev Fullstack,Dev 19,15/04/2026,28/04/2026,10,10,OK_INTERVALO
Squad 6,COMERCIAL,[COMERCIAL - 44],44,Dev Fullstack,Dev 14,16/04/2026,24/04/2026,7,7,OK_INTERVALO
Squad 6,COMERCIAL,[COMERCIAL - 45],45,Dev Fullstack,Dev 16,16/04/2026,21/04/2026,4,4,OK_INTERVALO
Squad 6,COMERCIAL,[COMERCIAL - 45],45,Dev Fullstack,Dev 17,16/04/2026,24/04/2026,7,7,OK_INTERVALO
Squad 6,COMERCIAL,[COMERCIAL - 46],46,Dev Fullstack,Dev 2,17/04/2026,24/04/2026,6,6,OK_INTERVALO
Squad 6,COMERCIAL,[COMERCIAL - 47],47,Dev Fullstack,Dev 18,17/04/2026,23/04/2026,5,5,OK_INTERVALO
Squad 6,COMERCIAL,[COMERCIAL - 49],49,Dev Fullstack,Dev 20,20/04/2026,22/04/2026,3,3,OK_INTERVALO
Squad 6,COMERCIAL,[COMERCIAL - 50],50,Dev Fullstack,Dev 3,21/04/2026,23/04/2026,3,3,OK_INTERVALO
Squad 6,COMERCIAL,[COMERCIAL - 51],51,Dev Fullstack,Dev 6,21/04/2026,23/04/2026,3,3,OK_INTERVALO
Squad 6,COMERCIAL,[COMERCIAL - 52],52,Dev Fullstack,Dev 7,21/04/2026,24/04/2026,4,4,OK_INTERVALO
Squad 6,COMERCIAL,[COMERCIAL - 53],53,Dev Fullstack,Dev 12,21/04/2026,24/04/2026,4,4,OK_INTERVALO
Squad 6,COMERCIAL,[COMERCIAL - 54],54,Dev Fullstack,Dev 4,22/04/2026,28/04/2026,5,5,OK_INTERVALO
Squad 6,COMERCIAL,[COMERCIAL - 55],55,Dev Fullstack,Dev 8,22/04/2026,29/04/2026,6,6,OK_INTERVALO
Squad 6,COMERCIAL,[COMERCIAL - 56],56,Dev Fullstack,Dev 10,22/04/2026,27/04/2026,4,4,OK_INTERVALO
Squad 6,COMERCIAL,[COMERCIAL - 57],57,Dev Fullstack,Dev 16,22/04/2026,24/04/2026,3,3,OK_INTERVALO
Squad 6,COMERCIAL,[COMERCIAL - 58],58,Dev Fullstack,Dev 13,23/04/2026,24/04/2026,2,2,OK_INTERVALO
Squad 6,COMERCIAL,[COMERCIAL - 59],59,Dev Fullstack,Dev 20,23/04/2026,04/05/2026,8,8,OK_INTERVALO
Squad 6,COMERCIAL,[COMERCIAL - 60],60,Dev Fullstack,Dev 3,24/04/2026,06/05/2026,9,9,OK_INTERVALO
Squad 6,COMERCIAL,[COMERCIAL - 61],61,Dev Fullstack,Dev 6,24/04/2026,07/05/2026,10,10,OK_INTERVALO
Squad 6,COMERCIAL,[COMERCIAL - 62],62,Dev Fullstack,Dev 18,24/04/2026,07/05/2026,10,10,OK_INTERVALO
Squad 6,COMERCIAL,[COMERCIAL - 63],63,Dev Fullstack,Dev 2,27/04/2026,08/05/2026,10,10,OK_INTERVALO
Squad 6,COMERCIAL,[COMERCIAL - 64],64,Dev Fullstack,Dev 7,27/04/2026,08/05/2026,10,10,OK_INTERVALO
Squad 6,COMERCIAL,[COMERCIAL - 65],65,Dev Fullstack,Dev 12,27/04/2026,05/05/2026,7,7,OK_INTERVALO
Squad 6,COMERCIAL,[COMERCIAL - 66],66,Dev Fullstack,Dev 13,27/04/2026,05/05/2026,7,7,OK_INTERVALO
Squad 6,COMERCIAL,[COMERCIAL - 67],67,Dev Fullstack,Dev 14,27/04/2026,06/05/2026,8,8,OK_INTERVALO
Squad 6,COMERCIAL,[COMERCIAL - 68],68,Dev Fullstack,Dev 16,27/04/2026,04/05/2026,6,6,OK_INTERVALO
Squad 6,COMERCIAL,[COMERCIAL - 69],69,Dev Fullstack,Dev 17,27/04/2026,08/05/2026,10,10,OK_INTERVALO
Squad 6,COMERCIAL,[COMERCIAL - 70],70,Dev Fullstack,Dev 1,28/04/2026,11/05/2026,10,10,OK_INTERVALO
Squad 6,COMERCIAL,[COMERCIAL - 71],71,Dev Fullstack,Dev 5,28/04/2026,11/05/2026,10,10,OK_INTERVALO
Squad 6,COMERCIAL,[COMERCIAL - 72],72,Dev Fullstack,Dev 9,28/04/2026,11/05/2026,10,10,OK_INTERVALO
Squad 6,COMERCIAL,[COMERCIAL - 73],73,Dev Fullstack,Dev 10,28/04/2026,11/05/2026,10,10,OK_INTERVALO
Squad 6,COMERCIAL,[COMERCIAL - 74],74,Dev Fullstack,Dev 11,28/04/2026,11/05/2026,10,10,OK_INTERVALO
Squad 6,COMERCIAL,[COMERCIAL - 75],75,Dev Fullstack,Dev 15,28/04/2026,11/05/2026,10,10,OK_INTERVALO
Squad 6,COMERCIAL,[COMERCIAL - 76],76,Dev Fullstack,Dev 4,29/04/2026,12/05/2026,10,10,OK_INTERVALO
Squad 6,COMERCIAL,[COMERCIAL - 77],77,Dev Fullstack,Dev 19,29/04/2026,12/05/2026,10,10,OK_INTERVALO
Squad 6,COMERCIAL,[COMERCIAL - 78],78,Dev Fullstack,Dev 8,30/04/2026,13/05/2026,10,10,OK_INTERVALO
Squad 6,COMERCIAL,[COMERCIAL - 79],79,Dev Fullstack,Dev 16,05/05/2026,12/05/2026,6,6,OK_INTERVALO
Squad 6,COMERCIAL,[COMERCIAL - 80],80,Dev Fullstack,Dev 20,05/05/2026,12/05/2026,6,6,OK_INTERVALO
Squad 6,COMERCIAL,[COMERCIAL - 81],81,Dev Fullstack,Dev 12,06/05/2026,11/05/2026,4,4,OK_INTERVALO
Squad 6,COMERCIAL,[COMERCIAL - 82],82,Dev Fullstack,Dev 13,06/05/2026,11/05/2026,4,4,OK_INTERVALO
Squad 6,COMERCIAL,[COMERCIAL - 83],83,Dev Fullstack,Dev 3,07/05/2026,12/05/2026,4,4,OK_INTERVALO
Squad 6,COMERCIAL,[COMERCIAL - 84],84,Dev Fullstack,Dev 14,07/05/2026,19/05/2026,9,9,OK_INTERVALO
Squad 6,COMERCIAL,[COMERCIAL - 85],85,Dev Fullstack,Dev 6,08/05/2026,15/05/2026,6,6,OK_INTERVALO
Squad 6,COMERCIAL,[COMERCIAL - 86],86,Dev Fullstack,Dev 18,08/05/2026,19/05/2026,8,8,OK_INTERVALO
Squad 6,COMERCIAL,[COMERCIAL - 87],87,Dev Fullstack,Dev 2,11/05/2026,14/05/2026,4,4,OK_INTERVALO
Squad 6,COMERCIAL,[COMERCIAL - 88],88,Dev Fullstack,Dev 7,11/05/2026,14/05/2026,4,4,OK_INTERVALO
Squad 6,COMERCIAL,[COMERCIAL - 89],89,Dev Fullstack,Dev 17,11/05/2026,14/05/2026,4,4,OK_INTERVALO
Squad 6,COMERCIAL,[COMERCIAL - 90],90,Dev Fullstack,Dev 1,12/05/2026,15/05/2026,4,4,OK_INTERVALO
Squad 6,COMERCIAL,[COMERCIAL - 91],91,Dev Fullstack,Dev 5,12/05/2026,22/05/2026,9,9,OK_INTERVALO
Squad 6,COMERCIAL,[COMERCIAL - 92],92,Dev Fullstack,Dev 9,12/05/2026,18/05/2026,5,5,OK_INTERVALO
Squad 6,COMERCIAL,[COMERCIAL - 93],93,Dev Fullstack,Dev 10,12/05/2026,15/05/2026,4,4,OK_INTERVALO
Squad 6,COMERCIAL,[COMERCIAL - 94],94,Dev Fullstack,Dev 11,12/05/2026,19/05/2026,6,6,OK_INTERVALO
Squad 6,COMERCIAL,[COMERCIAL - 95],95,Dev Fullstack,Dev 12,12/05/2026,15/05/2026,4,4,OK_INTERVALO
Squad 6,COMERCIAL,[COMERCIAL - 96],96,Dev Fullstack,Dev 13,12/05/2026,15/05/2026,4,4,OK_INTERVALO
Squad 6,COMERCIAL,[COMERCIAL - 97],97,Dev Fullstack,Dev 15,12/05/2026,12/05/2026,1,1,OK_INTERVALO
